Symbol,Company,Sector,Type,CMP (INR),1D Execution Zone,1D Score,1M Supporting Zone,1M Score,1W Intermediate Trend,Zone Freshness,Volume Status,Sector Bonus (Ep 16),GTF Combo Score,Setup Status,Relation
AMBUJACEM,Ambuja Cements Ltd.,INFRA,DEMAND,419.4,419.0 - 421.1 DR DEMAND,7.0 A,— NO ACTIVE ZONE —,—,1W DOWN • 20 EMA BEARISH,🟢 0 TESTS (FRESH),NORMAL VOL,+2.0 PTS,9.0 / 10 SOLID,BUY READY,IN
TIINDIA,Tube Investments of India Ltd.,AUTO,DEMAND,2780.0,2746.2 - 2780.0 DR DEMAND,7.0 A,2161.89 - 2330.75 DR DEMAND,6.5 B,1W DOWN • 20 EMA BEARISH,🟢 0 TESTS (FRESH),NORMAL VOL,+2.0 PTS,9.0 / 10 SOLID,BUY READY,IN
M&MFIN,Mahindra & Mahindra Financial Services Ltd.,FINSERVICE,DEMAND,396.4,386.85 - 388.8 DR DEMAND,8.5 A,— NO ACTIVE ZONE —,—,1W UP • 20 EMA BULLISH,🟢 0 TESTS (FRESH),NORMAL VOL,+2.0 PTS,11.5 / 10 SUPER COMBO,APPROACHING DEMAND,NEAR
UPL,UPL Ltd.,FMCG,DEMAND,568.15,557.75 - 559.63 DR DEMAND,7.5 A,557.75 - 565.72 DR DEMAND,4.5 C,1W DOWN • 20 EMA BEARISH,🟢 0 TESTS (FRESH),NORMAL VOL,+2.0 PTS,11.0 / 10 SUPER COMBO,APPROACHING DEMAND,NEAR
ELGIEQUIP,Elgi Equipments Ltd.,INFRA,DEMAND,576.55,565.6 - 569.15 DR DEMAND,7.5 A,452.89 - 464.98 DR DEMAND,7.0 A,1W UP • 20 EMA BULLISH,🟢 0 TESTS (FRESH),NORMAL VOL,+2.0 PTS,10.5 / 10 HIGH COMBO,APPROACHING DEMAND,NEAR
FACT,Fertilisers and Chemicals Travancore Ltd.,FMCG,DEMAND,818.95,811.2 - 815.45 DR DEMAND,8.5 A,— NO ACTIVE ZONE —,—,1W DOWN • 20 EMA BEARISH,🟢 0 TESTS (FRESH),NORMAL VOL,+2.0 PTS,10.5 / 10 HIGH COMBO,APPROACHING DEMAND,NEAR
JSWCEMENT,JSW Cement Ltd.,INFRA,DEMAND,131.08,128.31 - 128.63 DR DEMAND,7.5 A,— NO ACTIVE ZONE —,—,1W UP • 20 EMA BULLISH,🟢 0 TESTS (FRESH),NORMAL VOL,+2.0 PTS,10.5 / 10 HIGH COMBO,APPROACHING DEMAND,NEAR
POLYCAB,Polycab India Ltd.,INFRA,DEMAND,9297.0,9025.0 - 9125.0 DR DEMAND,7.5 A,6631.53 - 6768.39 DR DEMAND,7.5 A,1W UP • 20 EMA BULLISH,🟢 0 TESTS (FRESH),NORMAL VOL,+2.0 PTS,10.5 / 10 HIGH COMBO,APPROACHING DEMAND,NEAR
SONACOMS,Sona BLW Precision Forgings Ltd.,AUTO,DEMAND,799.9,786.25 - 790.0 DR DEMAND,7.5 A,399.84 - 409.23 DR DEMAND,6.0 B,1W UP • 20 EMA BULLISH,🟢 0 TESTS (FRESH),NORMAL VOL,+2.0 PTS,10.5 / 10 HIGH COMBO,APPROACHING DEMAND,NEAR
TORNTPOWER,Torrent Power Ltd.,CPSE,DEMAND,1318.0,1249.87 - 1253.33 DR DEMAND,6.0 B,1280.56 - 1301.29 DR DEMAND,8.5 A,1W DOWN • 20 EMA BEARISH,🟢 0 TESTS (FRESH),NORMAL VOL,+2.0 PTS,10.5 / 10 HIGH COMBO,APPROACHING DEMAND,NEAR
ADANIGREEN,Adani Green Energy Ltd.,CPSE,DEMAND,1319.0,1291.4 - 1302.1 DR DEMAND,8.0 A,765.0 - 814.2 DR DEMAND,4.5 C,1W DOWN • 20 EMA BEARISH,🟢 0 TESTS (FRESH),NORMAL VOL,+2.0 PTS,10.0 / 10 HIGH COMBO,APPROACHING DEMAND,NEAR
BAJFINANCE,Bajaj Finance Ltd.,FINSERVICE,DEMAND,1090.8,1070.8 - 1078.0 DR DEMAND,7.0 A,783.09 - 796.65 DR DEMAND,7.0 A,1W UP • 20 EMA BULLISH,🟢 0 TESTS (FRESH),NORMAL VOL,+2.0 PTS,10.0 / 10 HIGH COMBO,APPROACHING DEMAND,NEAR
LLOYDSME,Lloyds Metals And Energy Ltd.,METAL,DEMAND,1898.4,1855.1 - 1870.0 DR DEMAND,7.0 A,1042.28 - 1072.36 DR DEMAND,7.0 A,1W UP • 20 EMA BULLISH,🟢 0 TESTS (FRESH),NORMAL VOL,+2.0 PTS,10.0 / 10 HIGH COMBO,APPROACHING DEMAND,NEAR
POWERINDIA,Hitachi Energy India Ltd.,INFRA,DEMAND,35360.0,34730.0 - 35000.0 DR DEMAND,7.0 A,30400.0 - 31250.0 DR DEMAND,7.0 A,1W UP • 20 EMA BULLISH,🟢 0 TESTS (FRESH),NORMAL VOL,+2.0 PTS,10.0 / 10 HIGH COMBO,APPROACHING DEMAND,NEAR
RRKABEL,R R Kabel Ltd.,INFRA,DEMAND,2834.2,2775.0 - 2789.0 DR DEMAND,7.0 A,— NO ACTIVE ZONE —,—,1W UP • 20 EMA BULLISH,🟢 0 TESTS (FRESH),NORMAL VOL,+2.0 PTS,10.0 / 10 HIGH COMBO,APPROACHING DEMAND,NEAR
SHRIRAMFIN,Shriram Finance Ltd.,FINSERVICE,DEMAND,1132.3,1106.1 - 1115.0 DR DEMAND,7.0 A,559.9 - 573.24 DR DEMAND,6.5 B,1W UP • 20 EMA BULLISH,🟢 0 TESTS (FRESH),NORMAL VOL,+2.0 PTS,10.0 / 10 HIGH COMBO,APPROACHING DEMAND,NEAR
TATACAP,Tata Capital Ltd.,FINSERVICE,DEMAND,363.75,358.3 - 360.6 DR DEMAND,7.0 A,— NO ACTIVE ZONE —,—,1W UP • 20 EMA BULLISH,🟢 0 TESTS (FRESH),NORMAL VOL,+2.0 PTS,10.0 / 10 HIGH COMBO,APPROACHING DEMAND,NEAR
BHARATFORG,Bharat Forge Ltd.,AUTO,DEMAND,2088.0,2028.0 - 2051.0 DR DEMAND,6.5 B,1605.33 - 1669.53 DR DEMAND,7.0 A,1W UP • 20 EMA BULLISH,🟢 0 TESTS (FRESH),NORMAL VOL,+2.0 PTS,9.5 / 10 HIGH COMBO,APPROACHING DEMAND,NEAR
BHARTIARTL,Bharti Airtel Ltd.,CONSUMPTION,DEMAND,1939.1,1901.3 - 1908.6 DR DEMAND,7.5 A,1527.35 - 1537.83 DR DEMAND,7.5 A,1W UP • 20 EMA BULLISH,🟢 0 TESTS (FRESH),🔥 1.8x HIGH VOL,+1.0 PT,9.5 / 10 HIGH COMBO,APPROACHING DEMAND,NEAR
JINDALSTEL,Jindal Steel Ltd.,METAL,DEMAND,1099.9,1093.2 - 1095.0 DR DEMAND,7.5 A,1244.2 - 1272.1 RD SUPPLY,6.0 B,1W DOWN • 20 EMA BEARISH,🟢 0 TESTS (FRESH),NORMAL VOL,+2.0 PTS,9.5 / 10 HIGH COMBO,APPROACHING DEMAND,NEAR
WELSPUNLIV,Welspun Living Ltd.,CONSUMPTION,DEMAND,159.83,159.05 - 159.66 DR DEMAND,7.5 A,103.5 - 105.59 DR DEMAND,6.5 B,1W UP • 20 EMA BULLISH,🟢 0 TESTS (FRESH),NORMAL VOL,+1.0 PT,9.5 / 10 HIGH COMBO,APPROACHING DEMAND,NEAR
ADANIENT,Adani Enterprises Ltd.,METAL,DEMAND,2964.9,2943.5 - 2962.9 DR DEMAND,6.0 B,— NO ACTIVE ZONE —,—,1W UP • 20 EMA BULLISH,🟡 1 TEST (TESTED),NORMAL VOL,+2.0 PTS,9.0 / 10 SOLID,APPROACHING DEMAND,NEAR
GMDCLTD,Gujarat Mineral Development Corporation Ltd.,METAL,DEMAND,593.25,580.15 - 582.8 DR DEMAND,7.0 A,736.15 - 771.9 RD SUPPLY,6.0 B,1W DOWN • 20 EMA BEARISH,🟢 0 TESTS (FRESH),NORMAL VOL,+2.0 PTS,9.0 / 10 SOLID,APPROACHING DEMAND,NEAR
INDIACEM,India Cements Ltd.,INFRA,DEMAND,382.0,374.1 - 376.95 DR DEMAND,7.0 A,— NO ACTIVE ZONE —,—,1W DOWN • 20 EMA BEARISH,🟢 0 TESTS (FRESH),NORMAL VOL,+2.0 PTS,9.0 / 10 SOLID,APPROACHING DEMAND,NEAR
INDIGO,InterGlobe Aviation Ltd.,CONSUMPTION,DEMAND,5370.0,5217.5 - 5266.5 DR DEMAND,7.0 A,3773.62 - 4043.17 DR DEMAND,3.0 C,1W UP • 20 EMA BULLISH,🟢 0 TESTS (FRESH),NORMAL VOL,+1.0 PT,9.0 / 10 SOLID,APPROACHING DEMAND,NEAR
SBILIFE,SBI Life Insurance Company Ltd.,FINSERVICE,DEMAND,1812.0,1784.2 - 1789.0 DR DEMAND,7.0 A,1700.4 - 1765.7 DR DEMAND,7.0 A,1W DOWN • 20 EMA BEARISH,🟢 0 TESTS (FRESH),NORMAL VOL,+2.0 PTS,9.0 / 10 SOLID,APPROACHING DEMAND,NEAR
TATASTEEL,Tata Steel Ltd.,METAL,DEMAND,184.85,182.01 - 182.63 DR DEMAND,7.0 A,156.83 - 164.57 DR DEMAND,7.0 A,1W DOWN • 20 EMA BEARISH,🟢 0 TESTS (FRESH),NORMAL VOL,+2.0 PTS,9.0 / 10 SOLID,APPROACHING DEMAND,NEAR
ZYDUSWELL,Zydus Wellness Ltd.,FMCG,DEMAND,505.45,495.51 - 498.35 DR DEMAND,7.0 A,297.16 - 310.71 DR DEMAND,6.0 B,1W DOWN • 20 EMA BEARISH,🟢 0 TESTS (FRESH),NORMAL VOL,+2.0 PTS,9.0 / 10 SOLID,APPROACHING DEMAND,NEAR
BAJAJ-AUTO,Bajaj Auto Ltd.,AUTO,DEMAND,11661.0,11541.0 - 11600.0 DR DEMAND,5.5 B,9501.0 - 9716.0 DR DEMAND,9.0 A+,1W UP • 20 EMA BULLISH,🟡 1 TEST (TESTED),NORMAL VOL,+2.0 PTS,8.5 / 10 SOLID,APPROACHING DEMAND,NEAR
IRFC,Indian Railway Finance Corporation Ltd.,CPSE,DEMAND,88.35,87.0 - 87.15 DR DEMAND,6.5 B,— NO ACTIVE ZONE —,—,1W DOWN • 20 EMA BEARISH,🟢 0 TESTS (FRESH),NORMAL VOL,+2.0 PTS,8.5 / 10 SOLID,APPROACHING DEMAND,NEAR
ITC,ITC Ltd.,FMCG,DEMAND,278.5,275.4 - 276.15 DR DEMAND,6.5 B,306.55 - 309.47 RD SUPPLY,7.5 A,1W DOWN • 20 EMA BEARISH,🟢 0 TESTS (FRESH),NORMAL VOL,+2.0 PTS,8.5 / 10 SOLID,APPROACHING DEMAND,NEAR
ASTERDM,Aster DM Healthcare Ltd.,HEALTHCARE,DEMAND,824.3,808.0 - 815.15 DR DEMAND,6.0 B,516.84 - 549.74 DR DEMAND,8.0 A,1W UP • 20 EMA BULLISH,🟡 1 TEST (TESTED),NORMAL VOL,+1.0 PT,8.0 / 10 SOLID,APPROACHING DEMAND,NEAR
COLPAL,Colgate Palmolive (India) Ltd.,FMCG,DEMAND,1995.5,1957.8 - 1965.3 DR DEMAND,6.0 B,2228.23 - 2274.78 RD SUPPLY,9.0 A+,1W DOWN • 20 EMA BEARISH,🟢 0 TESTS (FRESH),NORMAL VOL,+2.0 PTS,8.0 / 10 SOLID,APPROACHING DEMAND,NEAR
LICHSGFIN,LIC Housing Finance Ltd.,FINSERVICE,DEMAND,502.0,458.9 - 460.7 DR DEMAND,6.5 B,458.9 - 495.25 DR DEMAND,6.0 B,1W DOWN • 20 EMA BEARISH,🟢 0 TESTS (FRESH),NORMAL VOL,+2.0 PTS,8.0 / 10 SOLID,APPROACHING DEMAND,NEAR
LUPIN,Lupin Ltd.,HEALTHCARE,DEMAND,2250.3,2225.96 - 2231.02 DR DEMAND,7.0 A,1834.7 - 1878.61 DR DEMAND,3.5 C,1W DOWN • 20 EMA BEARISH,🟢 0 TESTS (FRESH),NORMAL VOL,+1.0 PT,8.0 / 10 SOLID,APPROACHING DEMAND,NEAR
M&M,Mahindra & Mahindra Ltd.,AUTO,DEMAND,3428.2,3384.6 - 3401.0 DR DEMAND,5.0 C,— NO ACTIVE ZONE —,—,1W UP • 20 EMA BULLISH,🟡 1 TEST (TESTED),NORMAL VOL,+2.0 PTS,8.0 / 10 SOLID,APPROACHING DEMAND,NEAR
MEDANTA,Global Health Ltd.,HEALTHCARE,DEMAND,1410.4,1383.2 - 1394.4 DR DEMAND,6.0 B,— NO ACTIVE ZONE —,—,1W UP • 20 EMA BULLISH,🟡 1 TEST (TESTED),NORMAL VOL,+1.0 PT,8.0 / 10 SOLID,APPROACHING DEMAND,NEAR
MSUMI,Motherson Sumi Wiring India Ltd.,AUTO,DEMAND,40.44,39.5 - 39.68 DR DEMAND,5.0 C,36.14 - 36.57 DR DEMAND,7.0 A,1W UP • 20 EMA BULLISH,🟡 1 TEST (TESTED),NORMAL VOL,+2.0 PTS,8.0 / 10 SOLID,APPROACHING DEMAND,NEAR
TATAELXSI,Tata Elxsi Ltd.,IT,DEMAND,3778.0,3685.0 - 3711.9 DR DEMAND,7.0 A,— NO ACTIVE ZONE —,—,1W DOWN • 20 EMA BEARISH,🟢 0 TESTS (FRESH),NORMAL VOL,+1.0 PT,8.0 / 10 SOLID,APPROACHING DEMAND,NEAR
WAAREEENER,Waaree Energies Ltd.,INFRA,DEMAND,2687.0,2656.9 - 2660.9 DR DEMAND,6.0 B,— NO ACTIVE ZONE —,—,1W DOWN • 20 EMA BEARISH,🟢 0 TESTS (FRESH),NORMAL VOL,+2.0 PTS,8.0 / 10 SOLID,APPROACHING DEMAND,NEAR
KPITTECH,KPIT Technologies Ltd.,IT,DEMAND,620.5,608.0 - 609.2 DR DEMAND,6.5 B,— NO ACTIVE ZONE —,—,1W DOWN • 20 EMA BEARISH,🟢 0 TESTS (FRESH),NORMAL VOL,+1.0 PT,7.5 / 10 SOLID,APPROACHING DEMAND,NEAR
FORTIS,Fortis Healthcare Ltd.,HEALTHCARE,DEMAND,906.15,879.1 - 892.9 DR DEMAND,6.0 B,765.99 - 794.16 DR DEMAND,7.0 A,1W DOWN • 20 EMA BEARISH,🟢 0 TESTS (FRESH),NORMAL VOL,+1.0 PT,7.0 / 10 SOLID,APPROACHING DEMAND,NEAR
SAMMAANCAP,Sammaan Capital Ltd.,FINSERVICE,DEMAND,161.83,159.6 - 160.0 DR DEMAND,4.0 C,188.59 - 192.95 RD SUPPLY,4.5 C,1W UP • 20 EMA BULLISH,🟡 1 TEST (TESTED),NORMAL VOL,+2.0 PTS,7.0 / 10 SOLID,APPROACHING DEMAND,NEAR
YESBANK,Yes Bank Ltd.,BANK,DEMAND,22.98,22.46 - 22.54 DR DEMAND,4.0 C,— NO ACTIVE ZONE —,—,1W UP • 20 EMA BULLISH,🟡 1 TEST (TESTED),NORMAL VOL,+2.0 PTS,7.0 / 10 SOLID,APPROACHING DEMAND,NEAR
RAMCOCEM,The Ramco Cements Ltd.,INFRA,DEMAND,908.8,901.59 - 906.13 DR DEMAND,4.5 C,836.02 - 868.83 DR DEMAND,5.5 B,1W DOWN • 20 EMA BEARISH,🔴 3 TESTS (WEAK),NORMAL VOL,+2.0 PTS,6.5 / 10 SOLID,APPROACHING DEMAND,NEAR
HDFCLIFE,HDFC Life Insurance Company Ltd.,FINSERVICE,DEMAND,538.05,530.5 - 535.95 DR DEMAND,4.0 C,811.41 - 817.84 RD SUPPLY,4.0 C,1W DOWN • 20 EMA BEARISH,🟡 1 TEST (TESTED),NORMAL VOL,+2.0 PTS,6.0 / 10 SOLID,APPROACHING DEMAND,NEAR
SCHAEFFLER,Schaeffler India Ltd.,AUTO,DEMAND,4111.2,4025.0 - 4035.0 DR DEMAND,3.0 C,3489.69 - 3548.8 DR DEMAND,8.5 A,1W UP • 20 EMA BULLISH,🔴 3 TESTS (WEAK),NORMAL VOL,+2.0 PTS,6.0 / 10 SOLID,APPROACHING DEMAND,NEAR
TECHNOE,Techno Electric & Engineering Company Ltd.,INFRA,DEMAND,983.6,1085.3 - 1092.0 RD SUPPLY,7.0 A,870.0 - 974.5 DR DEMAND,4.0 C,1W DOWN • 20 EMA BEARISH,🟡 1 TEST (TESTED),NORMAL VOL,+2.0 PTS,6.0 / 10 SOLID,APPROACHING DEMAND,NEAR
RAILTEL,Railtel Corporation Of India Ltd.,CONSUMPTION,DEMAND,285.2,281.91 - 283.06 DR DEMAND,4.5 C,425.02 - 472.75 RD SUPPLY,7.5 A,1W DOWN • 20 EMA BEARISH,🟡 1 TEST (TESTED),NORMAL VOL,+1.0 PT,5.5 / 10 SOLID,APPROACHING DEMAND,NEAR
ANGELONE,Angel One Ltd.,FINSERVICE,DEMAND,292.0,287.83 - 291.71 DR DEMAND,3.0 C,— NO ACTIVE ZONE —,—,1W DOWN • 20 EMA BEARISH,🔴 5 TESTS (WEAK),NORMAL VOL,+2.0 PTS,5.0 / 10 SOLID,APPROACHING DEMAND,NEAR
CROMPTON,Crompton Greaves Consumer Electricals Ltd.,CONSUMPTION,DEMAND,248.15,245.36 - 247.26 DR DEMAND,4.0 C,214.82 - 218.82 DR DEMAND,6.0 B,1W DOWN • 20 EMA BEARISH,🟡 1 TEST (TESTED),NORMAL VOL,+1.0 PT,5.0 / 10 SOLID,APPROACHING DEMAND,NEAR
DCMSHRIRAM,DCM Shriram Ltd.,CONSUMPTION,DEMAND,1010.0,981.47 - 992.13 DR DEMAND,3.5 C,942.52 - 977.88 DR DEMAND,4.0 C,1W DOWN • 20 EMA BEARISH,🔴 2 TESTS (WEAK),NORMAL VOL,+1.0 PT,4.5 / 10 SOLID,APPROACHING DEMAND,NEAR
INDUSTOWER,Indus Towers Ltd.,CONSUMPTION,DEMAND,383.2,349.64 - 350.41 DR DEMAND,9.0 A+,376.63 - 395.08 DR DEMAND,7.0 A,1W DOWN • 20 EMA BEARISH,🟢 0 TESTS (FRESH),NORMAL VOL,+1.0 PT,8.0 / 10 SOLID,WAIT FOR PULLBACK,IN
ABBOTINDIA,Abbott India Ltd.,HEALTHCARE,EQUILIBRIUM,27620.0,27330.0 - 27535.0 DR DEMAND,7.0 A,26475.47 - 27633.38 RD SUPPLY,7.5 A,1W UP • 20 EMA BULLISH,🟢 0 TESTS (FRESH),🔥 2.5x VOL EXPLOSION,+0.0 PTS,7.5 / 10 SOLID,WAIT FOR PULLBACK,CONFLICT
VMM,Vishal Mega Mart Ltd.,CONSUMPTION,DEMAND,107.0,106.47 - 107.1 DR DEMAND,6.5 B,— NO ACTIVE ZONE —,—,1W DOWN • 20 EMA BEARISH,🟢 0 TESTS (FRESH),NORMAL VOL,+1.0 PT,7.5 / 10 SOLID,WAIT FOR PULLBACK,IN
WHIRLPOOL,Whirlpool of India Ltd.,CONSUMPTION,DEMAND,784.8,781.15 - 800.0 DR DEMAND,5.0 C,771.0 - 789.7 DR DEMAND,4.5 C,1W DOWN • 20 EMA BEARISH,🟡 1 TEST (TESTED),NORMAL VOL,+1.0 PT,7.5 / 10 SOLID,WAIT FOR PULLBACK,IN
RVNL,Rail Vikas Nigam Ltd.,CPSE,DEMAND,228.15,227.59 - 229.0 DR DEMAND,5.0 C,297.65 - 311.85 RD SUPPLY,7.5 A,1W DOWN • 20 EMA BEARISH,🟡 1 TEST (TESTED),NORMAL VOL,+2.0 PTS,7.0 / 10 SOLID,WAIT FOR PULLBACK,IN
GILLETTE,Gillette India Ltd.,FMCG,DEMAND,7595.5,7546.0 - 7624.0 DR DEMAND,4.0 C,— NO ACTIVE ZONE —,—,1W DOWN • 20 EMA BEARISH,🟡 1 TEST (TESTED),NORMAL VOL,+2.0 PTS,6.0 / 10 SOLID,WAIT FOR PULLBACK,IN
JKTYRE,JK Tyre & Industries Ltd.,AUTO,DEMAND,383.5,381.8 - 385.0 DR DEMAND,4.0 C,— NO ACTIVE ZONE —,—,1W DOWN • 20 EMA BEARISH,🟡 1 TEST (TESTED),NORMAL VOL,+2.0 PTS,6.0 / 10 SOLID,WAIT FOR PULLBACK,IN
SUNTV,Sun TV Network Ltd.,CONSUMPTION,DEMAND,487.9,535.15 - 543.0 RD SUPPLY,7.0 A,477.21 - 537.63 DR DEMAND,5.0 C,1W DOWN • 20 EMA BEARISH,🟡 1 TEST (TESTED),🔥 2.5x VOL EXPLOSION,+1.0 PT,6.0 / 10 SOLID,WAIT FOR PULLBACK,IN
IRB,IRB Infrastructure Developers Ltd.,INFRA,DEMAND,19.21,19.16 - 19.37 DR DEMAND,3.5 C,— NO ACTIVE ZONE —,—,1W DOWN • 20 EMA BEARISH,🔴 4 TESTS (WEAK),NORMAL VOL,+2.0 PTS,5.5 / 10 SOLID,WAIT FOR PULLBACK,IN
NH,Narayana Hrudayalaya Ltd.,HEALTHCARE,DEMAND,1831.0,1829.54 - 1832.24 DR DEMAND,4.5 C,2080.3 - 2092.9 RD SUPPLY,6.5 B,1W DOWN • 20 EMA BEARISH,🟡 1 TEST (TESTED),NORMAL VOL,+1.0 PT,5.5 / 10 SOLID,WAIT FOR PULLBACK,IN
LINDEINDIA,Linde India Ltd.,FMCG,DEMAND,6688.5,6546.9 - 6753.55 DR DEMAND,3.0 C,7487.35 - 7842.09 RD SUPPLY,2.5 C,1W DOWN • 20 EMA BEARISH,🔴 4 TESTS (WEAK),NORMAL VOL,+2.0 PTS,5.0 / 10 SOLID,WAIT FOR PULLBACK,IN
PCBL,PCBL Chemical Ltd.,FMCG,EQUILIBRIUM,314.7,312.59 - 314.02 DR DEMAND,5.0 C,305.14 - 326.1 RD SUPPLY,5.0 C,1W UP • 20 EMA BULLISH,🟡 1 TEST (TESTED),NORMAL VOL,+0.0 PTS,5.0 / 10 SOLID,WAIT FOR PULLBACK,CONFLICT
ANURAS,Anupam Rasayan India Ltd.,FMCG,DEMAND,1207.8,1203.1 - 1210.2 DR DEMAND,2.5 C,600.61 - 631.99 DR DEMAND,6.0 B,1W DOWN • 20 EMA BEARISH,🔴 9 TESTS (WEAK),NORMAL VOL,+2.0 PTS,4.5 / 10 SOLID,WAIT FOR PULLBACK,IN
APTUS,Aptus Value Housing Finance India Ltd.,FINSERVICE,DEMAND,253.8,252.09 - 256.6 DR DEMAND,2.5 C,— NO ACTIVE ZONE —,—,1W DOWN • 20 EMA BEARISH,🔴 5 TESTS (WEAK),NORMAL VOL,+2.0 PTS,4.5 / 10 SOLID,WAIT FOR PULLBACK,IN
SUNPHARMA,Sun Pharmaceutical Industries Ltd.,PHARMA,DEMAND,1932.0,1922.5 - 1932.6 DR DEMAND,2.5 C,1569.37 - 1580.86 DR DEMAND,7.0 A,1W UP • 20 EMA BULLISH,🔴 3 TESTS (WEAK),NORMAL VOL,+1.0 PT,4.5 / 10 SOLID,WAIT FOR PULLBACK,IN
AAVAS,Aavas Financiers Ltd.,FINSERVICE,SUPPLY,1431.8,1450.0 - 1453.2 RD SUPPLY,8.5 A,1060.4 - 1078.0 DR DEMAND,6.0 B,1W UP • 20 EMA BULLISH,🟢 0 TESTS (FRESH),NORMAL VOL,+0.0 PTS,8.5 / 10 SUPPLY,NEAR SUPPLY,NEAR
BANKBARODA,Bank of Baroda,PSUBANK,SUPPLY,248.0,251.0 - 251.4 RD SUPPLY,7.5 A,178.57 - 184.54 DR DEMAND,6.0 B,1W DOWN • 20 EMA BEARISH,🟢 0 TESTS (FRESH),NORMAL VOL,+0.0 PTS,8.5 / 10 SUPPLY,NEAR SUPPLY,NEAR
COFORGE,Coforge Ltd.,IT,SUPPLY,1829.0,1855.65 - 1868.86 RD SUPPLY,8.0 A,1906.98 - 1973.26 RD SUPPLY,3.5 C,1W UP • 20 EMA BULLISH,🟢 0 TESTS (FRESH),NORMAL VOL,+0.0 PTS,8.0 / 10 SUPPLY,NEAR SUPPLY,NEAR
EICHERMOT,Eicher Motors Ltd.,AUTO,SUPPLY,8100.0,8134.81 - 8144.71 RD SUPPLY,6.5 B,7927.48 - 8144.71 RD SUPPLY,4.5 C,1W UP • 20 EMA BULLISH,🟢 0 TESTS (FRESH),NORMAL VOL,+0.0 PTS,8.0 / 10 SUPPLY,NEAR SUPPLY,NEAR
ELECON,Elecon Engineering Co. Ltd.,INFRA,SUPPLY,443.3,450.65 - 452.0 RD SUPPLY,7.0 A,630.8 - 668.52 RD SUPPLY,4.0 C,1W DOWN • 20 EMA BEARISH,🟢 0 TESTS (FRESH),NORMAL VOL,+0.0 PTS,8.0 / 10 SUPPLY,NEAR SUPPLY,NEAR
ICICIAMC,ICICI Prudential Asset Management Company Ltd.,FINSERVICE,SUPPLY,3147.0,3196.0 - 3205.0 RD SUPPLY,7.0 A,— NO ACTIVE ZONE —,—,1W DOWN • 20 EMA BEARISH,🟢 0 TESTS (FRESH),NORMAL VOL,+0.0 PTS,8.0 / 10 SUPPLY,NEAR SUPPLY,NEAR
TMPV,Tata Motors Passenger Vehicles Ltd.,AUTO,SUPPLY,349.6,353.5 - 356.4 RD SUPPLY,7.0 A,391.75 - 404.64 RD SUPPLY,6.5 B,1W DOWN • 20 EMA BEARISH,🟢 0 TESTS (FRESH),NORMAL VOL,+0.0 PTS,8.0 / 10 SUPPLY,NEAR SUPPLY,NEAR
TRITURBINE,Triveni Turbine Ltd.,INFRA,SUPPLY,591.95,600.35 - 612.0 RD SUPPLY,7.0 A,— NO ACTIVE ZONE —,—,1W DOWN • 20 EMA BEARISH,🟢 0 TESTS (FRESH),NORMAL VOL,+0.0 PTS,8.0 / 10 SUPPLY,NEAR SUPPLY,NEAR
CARBORUNIV,Carborundum Universal Ltd.,INFRA,SUPPLY,1184.6,1198.14 - 1205.23 RD SUPPLY,6.0 B,1181.58 - 1303.79 RD SUPPLY,4.5 C,1W UP • 20 EMA BULLISH,🟢 0 TESTS (FRESH),NORMAL VOL,+0.0 PTS,7.5 / 10 SUPPLY,NEAR SUPPLY,NEAR
CONCOR,Container Corporation of India Ltd.,CPSE,SUPPLY,533.65,534.12 - 535.36 RD SUPPLY,6.0 B,507.3 - 535.36 RD SUPPLY,5.5 B,1W UP • 20 EMA BULLISH,🟢 0 TESTS (FRESH),🔥 1.8x HIGH VOL,+0.0 PTS,7.5 / 10 SUPPLY,NEAR SUPPLY,NEAR
ETERNAL,Eternal Ltd.,CONSUMPTION,SUPPLY,318.0,322.6 - 323.6 RD SUPPLY,7.5 A,194.8 - 201.7 DR DEMAND,7.0 A,1W UP • 20 EMA BULLISH,🟢 0 TESTS (FRESH),NORMAL VOL,+0.0 PTS,7.5 / 10 SUPPLY,NEAR SUPPLY,NEAR
IIFL,IIFL Finance Ltd.,FINSERVICE,SUPPLY,635.95,648.2 - 649.64 RD SUPPLY,7.5 A,— NO ACTIVE ZONE —,—,1W UP • 20 EMA BULLISH,🟢 0 TESTS (FRESH),NORMAL VOL,+0.0 PTS,7.5 / 10 SUPPLY,NEAR SUPPLY,NEAR
INDIAMART,Indiamart Intermesh Ltd.,CONSUMPTION,SUPPLY,1803.6,1820.0 - 1825.0 RD SUPPLY,6.5 B,— NO ACTIVE ZONE —,—,1W DOWN • 20 EMA BEARISH,🟢 0 TESTS (FRESH),NORMAL VOL,+0.0 PTS,7.5 / 10 SUPPLY,NEAR SUPPLY,NEAR
CAPLIPOINT,Caplin Point Laboratories Ltd.,HEALTHCARE,SUPPLY,2499.7,1703.23 - 1716.1 DR DEMAND,4.0 C,2503.19 - 2628.59 RD SUPPLY,7.0 A,1W UP • 20 EMA BULLISH,🟢 0 TESTS (FRESH),NORMAL VOL,+0.0 PTS,7.0 / 10 SUPPLY,NEAR SUPPLY,NEAR
GRSE,Garden Reach Shipbuilders & Engineers Ltd.,INFRA,SUPPLY,2632.3,2649.7 - 2659.0 RD SUPPLY,7.0 A,1176.64 - 1247.24 DR DEMAND,7.0 A,1W UP • 20 EMA BULLISH,🟢 0 TESTS (FRESH),🔥 1.8x HIGH VOL,+0.0 PTS,7.0 / 10 SUPPLY,NEAR SUPPLY,NEAR
CHOLAFIN,Cholamandalam Investment and Finance Company Ltd.,FINSERVICE,SUPPLY,1927.9,1940.0 - 1952.5 RD SUPPLY,6.5 B,1298.89 - 1354.17 DR DEMAND,7.0 A,1W UP • 20 EMA BULLISH,🟢 0 TESTS (FRESH),NORMAL VOL,+0.0 PTS,6.5 / 10 SUPPLY,NEAR SUPPLY,NEAR
JSWDULUX,JSW Dulux Ltd.,CONSUMPTION,SUPPLY,3123.5,3169.9 - 3195.0 RD SUPPLY,6.5 B,2862.0 - 2938.8 DR DEMAND,7.0 A,1W UP • 20 EMA BULLISH,🟢 0 TESTS (FRESH),NORMAL VOL,+0.0 PTS,6.5 / 10 SUPPLY,NEAR SUPPLY,NEAR
MGL,Mahanagar Gas Ltd.,OIL,SUPPLY,1125.8,1138.0 - 1143.0 RD SUPPLY,6.5 B,900.0 - 927.7 DR DEMAND,6.5 B,1W UP • 20 EMA BULLISH,🟢 0 TESTS (FRESH),NORMAL VOL,+0.0 PTS,6.5 / 10 SUPPLY,NEAR SUPPLY,NEAR
SBFC,SBFC Finance Ltd.,FINSERVICE,SUPPLY,94.56,95.98 - 97.45 RD SUPPLY,6.5 B,— NO ACTIVE ZONE —,—,1W UP • 20 EMA BULLISH,🟢 0 TESTS (FRESH),NORMAL VOL,+0.0 PTS,6.5 / 10 SUPPLY,NEAR SUPPLY,NEAR
CANHLIFE,Canara HSBC Life Insurance Company Ltd.,FINSERVICE,SUPPLY,150.23,152.19 - 153.2 RD SUPPLY,6.0 B,— NO ACTIVE ZONE —,—,1W UP • 20 EMA BULLISH,🟢 0 TESTS (FRESH),NORMAL VOL,+0.0 PTS,6.0 / 10 SUPPLY,NEAR SUPPLY,NEAR
CASTROLIND,Castrol India Ltd.,OIL,SUPPLY,187.42,189.0 - 190.45 RD SUPPLY,6.0 B,144.37 - 156.26 DR DEMAND,6.0 B,1W UP • 20 EMA BULLISH,🟢 0 TESTS (FRESH),NORMAL VOL,+0.0 PTS,6.0 / 10 SUPPLY,NEAR SUPPLY,NEAR
COCHINSHIP,Cochin Shipyard Ltd.,INFRA,SUPPLY,1507.0,1519.7 - 1524.9 RD SUPPLY,6.0 B,1733.4 - 1842.8 RD SUPPLY,7.0 A,1W UP • 20 EMA BULLISH,🟢 0 TESTS (FRESH),NORMAL VOL,+0.0 PTS,6.0 / 10 SUPPLY,NEAR SUPPLY,NEAR
KAYNES,Kaynes Technology India Ltd.,INFRA,SUPPLY,3760.5,3832.0 - 3860.0 RD SUPPLY,6.0 B,4044.4 - 4538.6 RD SUPPLY,7.0 A,1W UP • 20 EMA BULLISH,🟢 0 TESTS (FRESH),NORMAL VOL,+0.0 PTS,6.0 / 10 SUPPLY,NEAR SUPPLY,NEAR
LTTS,L&T Technology Services Ltd.,IT,SUPPLY,3604.7,3652.7 - 3708.0 RD SUPPLY,6.0 B,2976.44 - 3086.89 DR DEMAND,5.0 C,1W UP • 20 EMA BULLISH,🟢 0 TESTS (FRESH),NORMAL VOL,+0.0 PTS,6.0 / 10 SUPPLY,NEAR SUPPLY,NEAR
MAHABANK,Bank of Maharashtra,PSUBANK,SUPPLY,81.65,81.75 - 82.19 RD SUPPLY,6.0 B,91.75 - 94.5 RD SUPPLY,7.5 A,1W UP • 20 EMA BULLISH,🟡 1 TEST (TESTED),NORMAL VOL,+0.0 PTS,6.0 / 10 SUPPLY,NEAR SUPPLY,NEAR
AWL,AWL Agri Business Ltd.,FMCG,SUPPLY,192.11,194.55 - 198.6 RD SUPPLY,4.5 C,— NO ACTIVE ZONE —,—,1W DOWN • 20 EMA BEARISH,🟡 1 TEST (TESTED),NORMAL VOL,+0.0 PTS,5.5 / 10 SUPPLY,NEAR SUPPLY,NEAR
BRIGADE,Brigade Enterprises Ltd.,REALTY,SUPPLY,589.65,495.04 - 501.02 DR DEMAND,8.5 A,590.46 - 609.89 RD SUPPLY,5.5 B,1W UP • 20 EMA BULLISH,🟡 1 TEST (TESTED),NORMAL VOL,+0.0 PTS,5.5 / 10 SUPPLY,NEAR SUPPLY,NEAR
IOC,Indian Oil Corporation Ltd.,OIL,SUPPLY,141.5,143.7 - 145.2 RD SUPPLY,4.5 C,103.84 - 106.44 DR DEMAND,6.0 B,1W DOWN • 20 EMA BEARISH,🟡 1 TEST (TESTED),NORMAL VOL,+0.0 PTS,5.5 / 10 SUPPLY,NEAR SUPPLY,NEAR
SARDAEN,Sarda Energy and Minerals Ltd.,METAL,SUPPLY,523.3,525.0 - 529.0 RD SUPPLY,5.0 C,453.1 - 471.0 DR DEMAND,7.5 A,1W UP • 20 EMA BULLISH,🟡 1 TEST (TESTED),🔥 2.5x VOL EXPLOSION,+0.0 PTS,5.0 / 10 SUPPLY,NEAR SUPPLY,NEAR
SUPREMEIND,Supreme Industries Ltd.,INFRA,SUPPLY,3497.0,3527.0 - 3538.1 RD SUPPLY,4.0 C,— NO ACTIVE ZONE —,—,1W DOWN • 20 EMA BEARISH,🟡 1 TEST (TESTED),NORMAL VOL,+0.0 PTS,5.0 / 10 SUPPLY,NEAR SUPPLY,NEAR
CENTRALBK,Central Bank of India,PSUBANK,SUPPLY,31.36,31.46 - 31.6 RD SUPPLY,3.5 C,35.83 - 36.93 RD SUPPLY,7.5 A,1W DOWN • 20 EMA BEARISH,🔴 2 TESTS (WEAK),NORMAL VOL,+0.0 PTS,4.5 / 10 SUPPLY,NEAR SUPPLY,NEAR
DATAPATTNS,Data Patterns (India) Ltd.,INFRA,SUPPLY,4529.3,4560.0 - 4625.0 RD SUPPLY,4.5 C,1344.18 - 1430.33 DR DEMAND,6.5 B,1W UP • 20 EMA BULLISH,🟡 1 TEST (TESTED),NORMAL VOL,+0.0 PTS,4.5 / 10 SUPPLY,NEAR SUPPLY,NEAR
ITI,ITI Ltd.,CONSUMPTION,SUPPLY,281.4,285.65 - 288.0 RD SUPPLY,3.5 C,— NO ACTIVE ZONE —,—,1W DOWN • 20 EMA BEARISH,🔴 3 TESTS (WEAK),NORMAL VOL,+0.0 PTS,4.5 / 10 SUPPLY,NEAR SUPPLY,NEAR
NAUKRI,Info Edge (India) Ltd.,CONSUMPTION,SUPPLY,1357.3,1362.79 - 1366.27 RD SUPPLY,4.5 C,1474.21 - 1535.33 RD SUPPLY,6.0 B,1W UP • 20 EMA BULLISH,🟡 1 TEST (TESTED),NORMAL VOL,+0.0 PTS,4.5 / 10 SUPPLY,NEAR SUPPLY,NEAR
PFIZER,Pfizer Ltd.,HEALTHCARE,SUPPLY,4990.4,5067.58 - 5107.14 RD SUPPLY,4.5 C,— NO ACTIVE ZONE —,—,1W UP • 20 EMA BULLISH,🟡 1 TEST (TESTED),NORMAL VOL,+0.0 PTS,4.5 / 10 SUPPLY,NEAR SUPPLY,NEAR
PVRINOX,PVR INOX Ltd.,CONSUMPTION,SUPPLY,1176.1,1188.1 - 1194.2 RD SUPPLY,4.5 C,907.4 - 918.6 DR DEMAND,6.0 B,1W UP • 20 EMA BULLISH,🟡 1 TEST (TESTED),NORMAL VOL,+0.0 PTS,4.5 / 10 SUPPLY,NEAR SUPPLY,NEAR
SWANCORP,Swan Corp Ltd.,FMCG,SUPPLY,308.4,313.75 - 317.25 RD SUPPLY,3.5 C,721.85 - 809.63 RD SUPPLY,6.0 B,1W DOWN • 20 EMA BEARISH,🔴 3 TESTS (WEAK),NORMAL VOL,+0.0 PTS,4.5 / 10 SUPPLY,NEAR SUPPLY,NEAR
TITAGARH,Titagarh Rail Systems Ltd.,INFRA,SUPPLY,850.75,864.0 - 869.9 RD SUPPLY,4.5 C,— NO ACTIVE ZONE —,—,1W UP • 20 EMA BULLISH,🟡 1 TEST (TESTED),🔥 2.5x VOL EXPLOSION,+0.0 PTS,4.5 / 10 SUPPLY,NEAR SUPPLY,NEAR
ASAHIINDIA,Asahi India Glass Ltd.,AUTO,SUPPLY,901.0,866.5 - 869.3 DR DEMAND,7.5 A,902.6 - 950.35 RD SUPPLY,4.0 C,1W UP • 20 EMA BULLISH,🟡 1 TEST (TESTED),NORMAL VOL,+0.0 PTS,4.0 / 10 SUPPLY,NEAR SUPPLY,NEAR
BRITANNIA,Britannia Industries Ltd.,FMCG,SUPPLY,5615.0,5777.77 - 5826.96 RD SUPPLY,4.5 C,5632.2 - 5826.96 RD SUPPLY,4.0 C,1W UP • 20 EMA BULLISH,🟡 1 TEST (TESTED),NORMAL VOL,+0.0 PTS,4.0 / 10 SUPPLY,NEAR SUPPLY,NEAR
GRANULES,Granules India Ltd.,HEALTHCARE,SUPPLY,857.55,874.9 - 883.0 RD SUPPLY,4.0 C,419.84 - 453.47 DR DEMAND,5.0 C,1W UP • 20 EMA BULLISH,🟡 1 TEST (TESTED),NORMAL VOL,+0.0 PTS,4.0 / 10 SUPPLY,NEAR SUPPLY,NEAR
HOMEFIRST,Home First Finance Company India Ltd.,FINSERVICE,SUPPLY,1175.3,1135.3 - 1139.4 DR DEMAND,8.5 A,1184.37 - 1233.14 RD SUPPLY,4.0 C,1W UP • 20 EMA BULLISH,🟡 1 TEST (TESTED),NORMAL VOL,+0.0 PTS,4.0 / 10 SUPPLY,NEAR SUPPLY,NEAR
LICI,Life Insurance Corporation of India,FINSERVICE,SUPPLY,412.15,452.84 - 457.74 RD SUPPLY,8.5 A,414.97 - 443.6 RD SUPPLY,4.0 C,1W UP • 20 EMA BULLISH,🔴 2 TESTS (WEAK),NORMAL VOL,+0.0 PTS,4.0 / 10 SUPPLY,NEAR SUPPLY,NEAR
NIACL,The New India Assurance Company Ltd.,FINSERVICE,SUPPLY,180.65,183.76 - 189.37 RD SUPPLY,4.0 C,— NO ACTIVE ZONE —,—,1W UP • 20 EMA BULLISH,🟡 1 TEST (TESTED),NORMAL VOL,+0.0 PTS,4.0 / 10 SUPPLY,NEAR SUPPLY,NEAR
NMDC,NMDC Ltd.,CPSE,SUPPLY,85.0,85.85 - 86.45 RD SUPPLY,2.5 C,— NO ACTIVE ZONE —,—,1W DOWN • 20 EMA BEARISH,🔴 2 TESTS (WEAK),NORMAL VOL,+0.0 PTS,3.5 / 10 SUPPLY,NEAR SUPPLY,NEAR
RELIANCE,Reliance Industries Ltd.,OIL,SUPPLY,1317.0,1328.9 - 1344.9 RD SUPPLY,2.5 C,1424.22 - 1466.62 RD SUPPLY,7.0 A,1W DOWN • 20 EMA BEARISH,🔴 3 TESTS (WEAK),NORMAL VOL,+0.0 PTS,3.5 / 10 SUPPLY,NEAR SUPPLY,NEAR
CIPLA,Cipla Ltd.,HEALTHCARE,SUPPLY,1458.8,1472.3 - 1482.0 RD SUPPLY,3.0 C,— NO ACTIVE ZONE —,—,1W UP • 20 EMA BULLISH,🔴 2 TESTS (WEAK),NORMAL VOL,+0.0 PTS,3.0 / 10 SUPPLY,NEAR SUPPLY,NEAR
MAZDOCK,Mazagoan Dock Shipbuilders Ltd.,INFRA,SUPPLY,2571.0,2573.9 - 2582.4 RD SUPPLY,3.0 C,1904.04 - 2115.48 DR DEMAND,4.0 C,1W UP • 20 EMA BULLISH,🔴 2 TESTS (WEAK),NORMAL VOL,+0.0 PTS,3.0 / 10 SUPPLY,NEAR SUPPLY,NEAR
360ONE,360 ONE WAM Ltd.,FINSERVICE,SUPPLY,1183.0,1047.7 - 1054.9 DR DEMAND,4.5 C,1185.06 - 1260.04 RD SUPPLY,2.5 C,1W UP • 20 EMA BULLISH,🔴 3 TESTS (WEAK),NORMAL VOL,+0.0 PTS,2.5 / 10 SUPPLY,NEAR SUPPLY,NEAR
CREDITACC,CreditAccess Grameen Ltd.,FINSERVICE,SUPPLY,1542.4,1547.0 - 1559.4 RD SUPPLY,2.5 C,— NO ACTIVE ZONE —,—,1W UP • 20 EMA BULLISH,🔴 2 TESTS (WEAK),NORMAL VOL,+0.0 PTS,2.5 / 10 SUPPLY,NEAR SUPPLY,NEAR
ZFCVINDIA,ZF Commercial Vehicle Control Systems India Ltd.,AUTO,SUPPLY,2616.2,2650.0 - 2656.0 RD SUPPLY,2.5 C,2260.0 - 2417.9 DR DEMAND,7.5 A,1W UP • 20 EMA BULLISH,🔴 2 TESTS (WEAK),NORMAL VOL,+0.0 PTS,2.5 / 10 SUPPLY,NEAR SUPPLY,NEAR
JSWSTEEL,JSW Steel Ltd.,METAL,SUPPLY,1275.0,1218.0 - 1221.0 DR DEMAND,6.0 B,1257.48 - 1277.36 RD SUPPLY,7.5 A,1W UP • 20 EMA BULLISH,🟢 0 TESTS (FRESH),NORMAL VOL,+0.0 PTS,7.5 / 10 SUPPLY,SUPPLY TEST,IN
JUBLFOOD,Jubilant Foodworks Ltd.,CONSUMPTION,SUPPLY,491.55,408.55 - 410.0 DR DEMAND,6.0 B,477.24 - 497.34 RD SUPPLY,7.5 A,1W UP • 20 EMA BULLISH,🟢 0 TESTS (FRESH),🔥 2.5x VOL EXPLOSION,+0.0 PTS,7.5 / 10 SUPPLY,SUPPLY TEST,IN
PERSISTENT,Persistent Systems Ltd.,IT,SUPPLY,5523.0,4947.91 - 4956.88 DR DEMAND,8.5 A,5219.87 - 5592.58 RD SUPPLY,7.0 A,1W UP • 20 EMA BULLISH,🟢 0 TESTS (FRESH),NORMAL VOL,+0.0 PTS,7.0 / 10 SUPPLY,SUPPLY TEST,IN
RITES,RITES Ltd.,INFRA,SUPPLY,224.46,212.73 - 214.85 DR DEMAND,8.0 A,217.6 - 229.47 RD SUPPLY,6.5 B,1W UP • 20 EMA BULLISH,🟢 0 TESTS (FRESH),NORMAL VOL,+0.0 PTS,6.5 / 10 SUPPLY,SUPPLY TEST,IN
BAJAJFINSV,Bajaj Finserv Ltd.,FINSERVICE,SUPPLY,2025.0,2108.2 - 2116.19 RD SUPPLY,4.5 C,1991.7 - 2073.13 RD SUPPLY,6.0 B,1W UP • 20 EMA BULLISH,🟡 1 TEST (TESTED),NORMAL VOL,+0.0 PTS,6.0 / 10 SUPPLY,SUPPLY TEST,IN
HFCL,HFCL Ltd.,CONSUMPTION,SUPPLY,227.36,183.9 - 184.69 DR DEMAND,7.5 A,214.0 - 229.5 RD SUPPLY,6.0 B,1W UP • 20 EMA BULLISH,🟢 0 TESTS (FRESH),NORMAL VOL,+0.0 PTS,6.0 / 10 SUPPLY,SUPPLY TEST,IN
HSCL,Himadri Speciality Chemical Ltd.,FMCG,SUPPLY,778.15,775.0 - 779.8 RD SUPPLY,6.0 B,417.93 - 437.01 DR DEMAND,4.5 C,1W UP • 20 EMA BULLISH,🟢 0 TESTS (FRESH),NORMAL VOL,+0.0 PTS,6.0 / 10 SUPPLY,SUPPLY TEST,IN
JUBLINGREA,Jubilant Ingrevia Ltd.,FMCG,SUPPLY,736.3,538.29 - 548.2 DR DEMAND,6.0 B,711.35 - 766.92 RD SUPPLY,6.0 B,1W UP • 20 EMA BULLISH,🟢 0 TESTS (FRESH),NORMAL VOL,+0.0 PTS,6.0 / 10 SUPPLY,SUPPLY TEST,IN
CDSL,Central Depository Services (India) Ltd.,FINSERVICE,SUPPLY,1350.0,1350.0 - 1362.0 RD SUPPLY,5.5 B,1730.38 - 1955.87 RD SUPPLY,5.0 C,1W UP • 20 EMA BULLISH,🟡 1 TEST (TESTED),NORMAL VOL,+0.0 PTS,5.5 / 10 SUPPLY,SUPPLY TEST,IN
AUBANK,AU Small Finance Bank Ltd.,BANK,SUPPLY,1098.0,1087.6 - 1105.9 RD SUPPLY,5.0 C,830.84 - 841.88 DR DEMAND,8.0 A,1W UP • 20 EMA BULLISH,🟡 1 TEST (TESTED),NORMAL VOL,+0.0 PTS,5.0 / 10 SUPPLY,SUPPLY TEST,IN
BATAINDIA,Bata India Ltd.,CONSUMPTION,SUPPLY,727.65,647.07 - 649.39 DR DEMAND,6.0 B,709.21 - 768.98 RD SUPPLY,5.0 C,1W UP • 20 EMA BULLISH,🟡 1 TEST (TESTED),NORMAL VOL,+0.0 PTS,5.0 / 10 SUPPLY,SUPPLY TEST,IN
NEULANDLAB,Neuland Laboratories Ltd.,HEALTHCARE,SUPPLY,23207.0,22915.0 - 23500.0 RD SUPPLY,5.0 C,10163.49 - 10582.66 DR DEMAND,5.0 C,1W UP • 20 EMA BULLISH,🟡 1 TEST (TESTED),NORMAL VOL,+0.0 PTS,5.0 / 10 SUPPLY,SUPPLY TEST,IN
3MINDIA,3M India Ltd.,CONSUMPTION,SUPPLY,36165.0,36100.0 - 36660.0 RD SUPPLY,4.5 C,28319.86 - 29690.02 DR DEMAND,7.0 A,1W UP • 20 EMA BULLISH,🟡 1 TEST (TESTED),NORMAL VOL,+0.0 PTS,4.5 / 10 SUPPLY,SUPPLY TEST,IN
BDL,Bharat Dynamics Ltd.,INFRA,SUPPLY,1375.5,1232.5 - 1240.0 DR DEMAND,9.0 A+,1364.1 - 1481.2 RD SUPPLY,4.5 C,1W UP • 20 EMA BULLISH,🟡 1 TEST (TESTED),🔥 2.5x VOL EXPLOSION,+0.0 PTS,4.5 / 10 SUPPLY,SUPPLY TEST,IN
HYUNDAI,Hyundai Motor India Ltd.,AUTO,SUPPLY,2237.1,2223.0 - 2251.5 RD SUPPLY,4.5 C,— NO ACTIVE ZONE —,—,1W UP • 20 EMA BULLISH,🟡 1 TEST (TESTED),NORMAL VOL,+0.0 PTS,4.5 / 10 SUPPLY,SUPPLY TEST,IN
SBIN,State Bank of India,PSUBANK,SUPPLY,1083.0,1007.4 - 1015.3 DR DEMAND,2.5 C,1049.53 - 1101.1 RD SUPPLY,4.5 C,1W UP • 20 EMA BULLISH,🟡 1 TEST (TESTED),NORMAL VOL,+0.0 PTS,4.5 / 10 SUPPLY,SUPPLY TEST,IN
TATAINVEST,Tata Investment Corporation Ltd.,FINSERVICE,SUPPLY,674.4,691.04 - 711.33 RD SUPPLY,3.0 C,655.32 - 737.89 RD SUPPLY,4.0 C,1W UP • 20 EMA BULLISH,🟡 1 TEST (TESTED),NORMAL VOL,+0.0 PTS,4.0 / 10 SUPPLY,SUPPLY TEST,IN
CYIENT,Cyient Ltd.,IT,SUPPLY,879.65,869.0 - 879.7 RD SUPPLY,2.5 C,— NO ACTIVE ZONE —,—,1W DOWN • 20 EMA BEARISH,🔴 2 TESTS (WEAK),NORMAL VOL,+0.0 PTS,3.5 / 10 SUPPLY,SUPPLY TEST,IN
KAJARIACER,Kajaria Ceramics Ltd.,CONSUMPTION,SUPPLY,1260.9,1253.38 - 1266.59 RD SUPPLY,3.5 C,1041.2 - 1072.6 DR DEMAND,7.5 A,1W UP • 20 EMA BULLISH,🔴 4 TESTS (WEAK),NORMAL VOL,+0.0 PTS,3.5 / 10 SUPPLY,SUPPLY TEST,IN
POONAWALLA,Poonawalla Fincorp Ltd.,FINSERVICE,SUPPLY,502.7,425.0 - 428.45 DR DEMAND,7.5 A,454.8 - 503.0 RD SUPPLY,3.0 C,1W UP • 20 EMA BULLISH,🔴 2 TESTS (WEAK),NORMAL VOL,+0.0 PTS,3.0 / 10 SUPPLY,SUPPLY TEST,IN
ABB,ABB India Ltd.,INFRA,SUPPLY,7710.0,7578.29 - 7832.29 RD SUPPLY,2.5 C,— NO ACTIVE ZONE —,—,1W UP • 20 EMA BULLISH,🔴 2 TESTS (WEAK),NORMAL VOL,+0.0 PTS,2.5 / 10 SUPPLY,SUPPLY TEST,IN
PHOENIXLTD,Phoenix Mills Ltd.,REALTY,SUPPLY,1898.5,1939.5 - 1950.0 RD SUPPLY,7.5 A,1853.5 - 1993.0 RD SUPPLY,2.5 C,1W UP • 20 EMA BULLISH,🔴 2 TESTS (WEAK),NORMAL VOL,+0.0 PTS,2.5 / 10 SUPPLY,SUPPLY TEST,IN
